pair_id,sheet_image
P0001,D:/htt/callirag/outputs/layer2/blind_pair_sheets/P0001.png
P0002,D:/htt/callirag/outputs/layer2/blind_pair_sheets/P0002.png
P0003,D:/htt/callirag/outputs/layer2/blind_pair_sheets/P0003.png
P0004,D:/htt/callirag/outputs/layer2/blind_pair_sheets/P0004.png
P0005,D:/htt/callirag/outputs/layer2/blind_pair_sheets/P0005.png
P0006,D:/htt/callirag/outputs/layer2/blind_pair_sheets/P0006.png
P0007,D:/htt/callirag/outputs/layer2/blind_pair_sheets/P0007.png
P0008,D:/htt/callirag/outputs/layer2/blind_pair_sheets/P0008.png
P0009,D:/htt/callirag/outputs/layer2/blind_pair_sheets/P0009.png
P0010,D:/htt/callirag/outputs/layer2/blind_pair_sheets/P0010.png
P0011,D:/htt/callirag/outputs/layer2/blind_pair_sheets/P0011.png
P0012,D:/htt/callirag/outputs/layer2/blind_pair_sheets/P0012.png
P0013,D:/htt/callirag/outputs/layer2/blind_pair_sheets/P0013.png
P0014,D:/htt/callirag/outputs/layer2/blind_pair_sheets/P0014.png
P0015,D:/htt/callirag/outputs/layer2/blind_pair_sheets/P0015.png
P0016,D:/htt/callirag/outputs/layer2/blind_pair_sheets/P0016.png
P0017,D:/htt/callirag/outputs/layer2/blind_pair_sheets/P0017.png
P0018,D:/htt/callirag/outputs/layer2/blind_pair_sheets/P0018.png
P0019,D:/htt/callirag/outputs/layer2/blind_pair_sheets/P0019.png
P0020,D:/htt/callirag/outputs/layer2/blind_pair_sheets/P0020.png
P0021,D:/htt/callirag/outputs/layer2/blind_pair_sheets/P0021.png
P0022,D:/htt/callirag/outputs/layer2/blind_pair_sheets/P0022.png
P0023,D:/htt/callirag/outputs/layer2/blind_pair_sheets/P0023.png
P0024,D:/htt/callirag/outputs/layer2/blind_pair_sheets/P0024.png
P0025,D:/htt/callirag/outputs/layer2/blind_pair_sheets/P0025.png
P0026,D:/htt/callirag/outputs/layer2/blind_pair_sheets/P0026.png
P0027,D:/htt/callirag/outputs/layer2/blind_pair_sheets/P0027.png
P0028,D:/htt/callirag/outputs/layer2/blind_pair_sheets/P0028.png
P0029,D:/htt/callirag/outputs/layer2/blind_pair_sheets/P0029.png
P0030,D:/htt/callirag/outputs/layer2/blind_pair_sheets/P0030.png
P0031,D:/htt/callirag/outputs/layer2/blind_pair_sheets/P0031.png
P0032,D:/htt/callirag/outputs/layer2/blind_pair_sheets/P0032.png
P0033,D:/htt/callirag/outputs/layer2/blind_pair_sheets/P0033.png
P0034,D:/htt/callirag/outputs/layer2/blind_pair_sheets/P0034.png
P0035,D:/htt/callirag/outputs/layer2/blind_pair_sheets/P0035.png
P0036,D:/htt/callirag/outputs/layer2/blind_pair_sheets/P0036.png
P0037,D:/htt/callirag/outputs/layer2/blind_pair_sheets/P0037.png
P0038,D:/htt/callirag/outputs/layer2/blind_pair_sheets/P0038.png
P0039,D:/htt/callirag/outputs/layer2/blind_pair_sheets/P0039.png
P0040,D:/htt/callirag/outputs/layer2/blind_pair_sheets/P0040.png
P0041,D:/htt/callirag/outputs/layer2/blind_pair_sheets/P0041.png
P0042,D:/htt/callirag/outputs/layer2/blind_pair_sheets/P0042.png
P0043,D:/htt/callirag/outputs/layer2/blind_pair_sheets/P0043.png
P0044,D:/htt/callirag/outputs/layer2/blind_pair_sheets/P0044.png
P0045,D:/htt/callirag/outputs/layer2/blind_pair_sheets/P0045.png
P0046,D:/htt/callirag/outputs/layer2/blind_pair_sheets/P0046.png
P0047,D:/htt/callirag/outputs/layer2/blind_pair_sheets/P0047.png
P0048,D:/htt/callirag/outputs/layer2/blind_pair_sheets/P0048.png
P0049,D:/htt/callirag/outputs/layer2/blind_pair_sheets/P0049.png
P0050,D:/htt/callirag/outputs/layer2/blind_pair_sheets/P0050.png
P0051,D:/htt/callirag/outputs/layer2/blind_pair_sheets/P0051.png
P0052,D:/htt/callirag/outputs/layer2/blind_pair_sheets/P0052.png
P0053,D:/htt/callirag/outputs/layer2/blind_pair_sheets/P0053.png
P0054,D:/htt/callirag/outputs/layer2/blind_pair_sheets/P0054.png
P0055,D:/htt/callirag/outputs/layer2/blind_pair_sheets/P0055.png
P0056,D:/htt/callirag/outputs/layer2/blind_pair_sheets/P0056.png
P0057,D:/htt/callirag/outputs/layer2/blind_pair_sheets/P0057.png
P0058,D:/htt/callirag/outputs/layer2/blind_pair_sheets/P0058.png
P0059,D:/htt/callirag/outputs/layer2/blind_pair_sheets/P0059.png
P0060,D:/htt/callirag/outputs/layer2/blind_pair_sheets/P0060.png
