pair_id,sheet_image,evaluator_id,choice,reason_tags,free_note,allowed_choices,allowed_reason_tags,free_note_example
P0001,D:/htt/callirag/outputs/layer2/blind_pair_sheets/P0001.png,,,,,left better|right better|tie|unclear,local_detail_better|component_structure_better,右图局部更完整；左图有 missing stroke / wrong connection
P0002,D:/htt/callirag/outputs/layer2/blind_pair_sheets/P0002.png,,,,,left better|right better|tie|unclear,local_detail_better|component_structure_better,右图局部更完整；左图有 missing stroke / wrong connection
P0003,D:/htt/callirag/outputs/layer2/blind_pair_sheets/P0003.png,,,,,left better|right better|tie|unclear,local_detail_better|component_structure_better,右图局部更完整；左图有 missing stroke / wrong connection
P0004,D:/htt/callirag/outputs/layer2/blind_pair_sheets/P0004.png,,,,,left better|right better|tie|unclear,local_detail_better|component_structure_better,右图局部更完整；左图有 missing stroke / wrong connection
P0005,D:/htt/callirag/outputs/layer2/blind_pair_sheets/P0005.png,,,,,left better|right better|tie|unclear,local_detail_better|component_structure_better,右图局部更完整；左图有 missing stroke / wrong connection
P0006,D:/htt/callirag/outputs/layer2/blind_pair_sheets/P0006.png,,,,,left better|right better|tie|unclear,local_detail_better|component_structure_better,右图局部更完整；左图有 missing stroke / wrong connection
P0007,D:/htt/callirag/outputs/layer2/blind_pair_sheets/P0007.png,,,,,left better|right better|tie|unclear,local_detail_better|component_structure_better,右图局部更完整；左图有 missing stroke / wrong connection
P0008,D:/htt/callirag/outputs/layer2/blind_pair_sheets/P0008.png,,,,,left better|right better|tie|unclear,local_detail_better|component_structure_better,右图局部更完整；左图有 missing stroke / wrong connection
P0009,D:/htt/callirag/outputs/layer2/blind_pair_sheets/P0009.png,,,,,left better|right better|tie|unclear,local_detail_better|component_structure_better,右图局部更完整；左图有 missing stroke / wrong connection
P0010,D:/htt/callirag/outputs/layer2/blind_pair_sheets/P0010.png,,,,,left better|right better|tie|unclear,local_detail_better|component_structure_better,右图局部更完整；左图有 missing stroke / wrong connection
P0011,D:/htt/callirag/outputs/layer2/blind_pair_sheets/P0011.png,,,,,left better|right better|tie|unclear,local_detail_better|component_structure_better,右图局部更完整；左图有 missing stroke / wrong connection
P0012,D:/htt/callirag/outputs/layer2/blind_pair_sheets/P0012.png,,,,,left better|right better|tie|unclear,local_detail_better|component_structure_better,右图局部更完整；左图有 missing stroke / wrong connection
P0013,D:/htt/callirag/outputs/layer2/blind_pair_sheets/P0013.png,,,,,left better|right better|tie|unclear,local_detail_better|component_structure_better,右图局部更完整；左图有 missing stroke / wrong connection
P0014,D:/htt/callirag/outputs/layer2/blind_pair_sheets/P0014.png,,,,,left better|right better|tie|unclear,local_detail_better|component_structure_better,右图局部更完整；左图有 missing stroke / wrong connection
P0015,D:/htt/callirag/outputs/layer2/blind_pair_sheets/P0015.png,,,,,left better|right better|tie|unclear,local_detail_better|component_structure_better,右图局部更完整；左图有 missing stroke / wrong connection
P0016,D:/htt/callirag/outputs/layer2/blind_pair_sheets/P0016.png,,,,,left better|right better|tie|unclear,local_detail_better|component_structure_better,右图局部更完整；左图有 missing stroke / wrong connection
P0017,D:/htt/callirag/outputs/layer2/blind_pair_sheets/P0017.png,,,,,left better|right better|tie|unclear,local_detail_better|component_structure_better,右图局部更完整；左图有 missing stroke / wrong connection
P0018,D:/htt/callirag/outputs/layer2/blind_pair_sheets/P0018.png,,,,,left better|right better|tie|unclear,local_detail_better|component_structure_better,右图局部更完整；左图有 missing stroke / wrong connection
P0019,D:/htt/callirag/outputs/layer2/blind_pair_sheets/P0019.png,,,,,left better|right better|tie|unclear,local_detail_better|component_structure_better,右图局部更完整；左图有 missing stroke / wrong connection
P0020,D:/htt/callirag/outputs/layer2/blind_pair_sheets/P0020.png,,,,,left better|right better|tie|unclear,local_detail_better|component_structure_better,右图局部更完整；左图有 missing stroke / wrong connection
P0021,D:/htt/callirag/outputs/layer2/blind_pair_sheets/P0021.png,,,,,left better|right better|tie|unclear,local_detail_better|component_structure_better,右图局部更完整；左图有 missing stroke / wrong connection
P0022,D:/htt/callirag/outputs/layer2/blind_pair_sheets/P0022.png,,,,,left better|right better|tie|unclear,local_detail_better|component_structure_better,右图局部更完整；左图有 missing stroke / wrong connection
P0023,D:/htt/callirag/outputs/layer2/blind_pair_sheets/P0023.png,,,,,left better|right better|tie|unclear,local_detail_better|component_structure_better,右图局部更完整；左图有 missing stroke / wrong connection
P0024,D:/htt/callirag/outputs/layer2/blind_pair_sheets/P0024.png,,,,,left better|right better|tie|unclear,local_detail_better|component_structure_better,右图局部更完整；左图有 missing stroke / wrong connection
P0025,D:/htt/callirag/outputs/layer2/blind_pair_sheets/P0025.png,,,,,left better|right better|tie|unclear,local_detail_better|component_structure_better,右图局部更完整；左图有 missing stroke / wrong connection
P0026,D:/htt/callirag/outputs/layer2/blind_pair_sheets/P0026.png,,,,,left better|right better|tie|unclear,local_detail_better|component_structure_better,右图局部更完整；左图有 missing stroke / wrong connection
P0027,D:/htt/callirag/outputs/layer2/blind_pair_sheets/P0027.png,,,,,left better|right better|tie|unclear,local_detail_better|component_structure_better,右图局部更完整；左图有 missing stroke / wrong connection
P0028,D:/htt/callirag/outputs/layer2/blind_pair_sheets/P0028.png,,,,,left better|right better|tie|unclear,local_detail_better|component_structure_better,右图局部更完整；左图有 missing stroke / wrong connection
P0029,D:/htt/callirag/outputs/layer2/blind_pair_sheets/P0029.png,,,,,left better|right better|tie|unclear,local_detail_better|component_structure_better,右图局部更完整；左图有 missing stroke / wrong connection
P0030,D:/htt/callirag/outputs/layer2/blind_pair_sheets/P0030.png,,,,,left better|right better|tie|unclear,local_detail_better|component_structure_better,右图局部更完整；左图有 missing stroke / wrong connection
P0031,D:/htt/callirag/outputs/layer2/blind_pair_sheets/P0031.png,,,,,left better|right better|tie|unclear,local_detail_better|component_structure_better,右图局部更完整；左图有 missing stroke / wrong connection
P0032,D:/htt/callirag/outputs/layer2/blind_pair_sheets/P0032.png,,,,,left better|right better|tie|unclear,local_detail_better|component_structure_better,右图局部更完整；左图有 missing stroke / wrong connection
P0033,D:/htt/callirag/outputs/layer2/blind_pair_sheets/P0033.png,,,,,left better|right better|tie|unclear,local_detail_better|component_structure_better,右图局部更完整；左图有 missing stroke / wrong connection
P0034,D:/htt/callirag/outputs/layer2/blind_pair_sheets/P0034.png,,,,,left better|right better|tie|unclear,local_detail_better|component_structure_better,右图局部更完整；左图有 missing stroke / wrong connection
P0035,D:/htt/callirag/outputs/layer2/blind_pair_sheets/P0035.png,,,,,left better|right better|tie|unclear,local_detail_better|component_structure_better,右图局部更完整；左图有 missing stroke / wrong connection
P0036,D:/htt/callirag/outputs/layer2/blind_pair_sheets/P0036.png,,,,,left better|right better|tie|unclear,local_detail_better|component_structure_better,右图局部更完整；左图有 missing stroke / wrong connection
P0037,D:/htt/callirag/outputs/layer2/blind_pair_sheets/P0037.png,,,,,left better|right better|tie|unclear,local_detail_better|component_structure_better,右图局部更完整；左图有 missing stroke / wrong connection
P0038,D:/htt/callirag/outputs/layer2/blind_pair_sheets/P0038.png,,,,,left better|right better|tie|unclear,local_detail_better|component_structure_better,右图局部更完整；左图有 missing stroke / wrong connection
P0039,D:/htt/callirag/outputs/layer2/blind_pair_sheets/P0039.png,,,,,left better|right better|tie|unclear,local_detail_better|component_structure_better,右图局部更完整；左图有 missing stroke / wrong connection
P0040,D:/htt/callirag/outputs/layer2/blind_pair_sheets/P0040.png,,,,,left better|right better|tie|unclear,local_detail_better|component_structure_better,右图局部更完整；左图有 missing stroke / wrong connection
P0041,D:/htt/callirag/outputs/layer2/blind_pair_sheets/P0041.png,,,,,left better|right better|tie|unclear,local_detail_better|component_structure_better,右图局部更完整；左图有 missing stroke / wrong connection
P0042,D:/htt/callirag/outputs/layer2/blind_pair_sheets/P0042.png,,,,,left better|right better|tie|unclear,local_detail_better|component_structure_better,右图局部更完整；左图有 missing stroke / wrong connection
P0043,D:/htt/callirag/outputs/layer2/blind_pair_sheets/P0043.png,,,,,left better|right better|tie|unclear,local_detail_better|component_structure_better,右图局部更完整；左图有 missing stroke / wrong connection
P0044,D:/htt/callirag/outputs/layer2/blind_pair_sheets/P0044.png,,,,,left better|right better|tie|unclear,local_detail_better|component_structure_better,右图局部更完整；左图有 missing stroke / wrong connection
P0045,D:/htt/callirag/outputs/layer2/blind_pair_sheets/P0045.png,,,,,left better|right better|tie|unclear,local_detail_better|component_structure_better,右图局部更完整；左图有 missing stroke / wrong connection
P0046,D:/htt/callirag/outputs/layer2/blind_pair_sheets/P0046.png,,,,,left better|right better|tie|unclear,local_detail_better|component_structure_better,右图局部更完整；左图有 missing stroke / wrong connection
P0047,D:/htt/callirag/outputs/layer2/blind_pair_sheets/P0047.png,,,,,left better|right better|tie|unclear,local_detail_better|component_structure_better,右图局部更完整；左图有 missing stroke / wrong connection
P0048,D:/htt/callirag/outputs/layer2/blind_pair_sheets/P0048.png,,,,,left better|right better|tie|unclear,local_detail_better|component_structure_better,右图局部更完整；左图有 missing stroke / wrong connection
P0049,D:/htt/callirag/outputs/layer2/blind_pair_sheets/P0049.png,,,,,left better|right better|tie|unclear,local_detail_better|component_structure_better,右图局部更完整；左图有 missing stroke / wrong connection
P0050,D:/htt/callirag/outputs/layer2/blind_pair_sheets/P0050.png,,,,,left better|right better|tie|unclear,local_detail_better|component_structure_better,右图局部更完整；左图有 missing stroke / wrong connection
P0051,D:/htt/callirag/outputs/layer2/blind_pair_sheets/P0051.png,,,,,left better|right better|tie|unclear,local_detail_better|component_structure_better,右图局部更完整；左图有 missing stroke / wrong connection
P0052,D:/htt/callirag/outputs/layer2/blind_pair_sheets/P0052.png,,,,,left better|right better|tie|unclear,local_detail_better|component_structure_better,右图局部更完整；左图有 missing stroke / wrong connection
P0053,D:/htt/callirag/outputs/layer2/blind_pair_sheets/P0053.png,,,,,left better|right better|tie|unclear,local_detail_better|component_structure_better,右图局部更完整；左图有 missing stroke / wrong connection
P0054,D:/htt/callirag/outputs/layer2/blind_pair_sheets/P0054.png,,,,,left better|right better|tie|unclear,local_detail_better|component_structure_better,右图局部更完整；左图有 missing stroke / wrong connection
P0055,D:/htt/callirag/outputs/layer2/blind_pair_sheets/P0055.png,,,,,left better|right better|tie|unclear,local_detail_better|component_structure_better,右图局部更完整；左图有 missing stroke / wrong connection
P0056,D:/htt/callirag/outputs/layer2/blind_pair_sheets/P0056.png,,,,,left better|right better|tie|unclear,local_detail_better|component_structure_better,右图局部更完整；左图有 missing stroke / wrong connection
P0057,D:/htt/callirag/outputs/layer2/blind_pair_sheets/P0057.png,,,,,left better|right better|tie|unclear,local_detail_better|component_structure_better,右图局部更完整；左图有 missing stroke / wrong connection
P0058,D:/htt/callirag/outputs/layer2/blind_pair_sheets/P0058.png,,,,,left better|right better|tie|unclear,local_detail_better|component_structure_better,右图局部更完整；左图有 missing stroke / wrong connection
P0059,D:/htt/callirag/outputs/layer2/blind_pair_sheets/P0059.png,,,,,left better|right better|tie|unclear,local_detail_better|component_structure_better,右图局部更完整；左图有 missing stroke / wrong connection
P0060,D:/htt/callirag/outputs/layer2/blind_pair_sheets/P0060.png,,,,,left better|right better|tie|unclear,local_detail_better|component_structure_better,右图局部更完整；左图有 missing stroke / wrong connection
P0061,D:/htt/callirag/outputs/layer2/blind_pair_sheets/P0061.png,,,,,left better|right better|tie|unclear,local_detail_better|component_structure_better,右图局部更完整；左图有 missing stroke / wrong connection
P0062,D:/htt/callirag/outputs/layer2/blind_pair_sheets/P0062.png,,,,,left better|right better|tie|unclear,local_detail_better|component_structure_better,右图局部更完整；左图有 missing stroke / wrong connection
P0063,D:/htt/callirag/outputs/layer2/blind_pair_sheets/P0063.png,,,,,left better|right better|tie|unclear,local_detail_better|component_structure_better,右图局部更完整；左图有 missing stroke / wrong connection
P0064,D:/htt/callirag/outputs/layer2/blind_pair_sheets/P0064.png,,,,,left better|right better|tie|unclear,local_detail_better|component_structure_better,右图局部更完整；左图有 missing stroke / wrong connection
P0065,D:/htt/callirag/outputs/layer2/blind_pair_sheets/P0065.png,,,,,left better|right better|tie|unclear,local_detail_better|component_structure_better,右图局部更完整；左图有 missing stroke / wrong connection
P0066,D:/htt/callirag/outputs/layer2/blind_pair_sheets/P0066.png,,,,,left better|right better|tie|unclear,local_detail_better|component_structure_better,右图局部更完整；左图有 missing stroke / wrong connection
P0067,D:/htt/callirag/outputs/layer2/blind_pair_sheets/P0067.png,,,,,left better|right better|tie|unclear,local_detail_better|component_structure_better,右图局部更完整；左图有 missing stroke / wrong connection
P0068,D:/htt/callirag/outputs/layer2/blind_pair_sheets/P0068.png,,,,,left better|right better|tie|unclear,local_detail_better|component_structure_better,右图局部更完整；左图有 missing stroke / wrong connection
P0069,D:/htt/callirag/outputs/layer2/blind_pair_sheets/P0069.png,,,,,left better|right better|tie|unclear,local_detail_better|component_structure_better,右图局部更完整；左图有 missing stroke / wrong connection
P0070,D:/htt/callirag/outputs/layer2/blind_pair_sheets/P0070.png,,,,,left better|right better|tie|unclear,local_detail_better|component_structure_better,右图局部更完整；左图有 missing stroke / wrong connection
P0071,D:/htt/callirag/outputs/layer2/blind_pair_sheets/P0071.png,,,,,left better|right better|tie|unclear,local_detail_better|component_structure_better,右图局部更完整；左图有 missing stroke / wrong connection
P0072,D:/htt/callirag/outputs/layer2/blind_pair_sheets/P0072.png,,,,,left better|right better|tie|unclear,local_detail_better|component_structure_better,右图局部更完整；左图有 missing stroke / wrong connection
P0073,D:/htt/callirag/outputs/layer2/blind_pair_sheets/P0073.png,,,,,left better|right better|tie|unclear,local_detail_better|component_structure_better,右图局部更完整；左图有 missing stroke / wrong connection
P0074,D:/htt/callirag/outputs/layer2/blind_pair_sheets/P0074.png,,,,,left better|right better|tie|unclear,local_detail_better|component_structure_better,右图局部更完整；左图有 missing stroke / wrong connection
P0075,D:/htt/callirag/outputs/layer2/blind_pair_sheets/P0075.png,,,,,left better|right better|tie|unclear,local_detail_better|component_structure_better,右图局部更完整；左图有 missing stroke / wrong connection
P0076,D:/htt/callirag/outputs/layer2/blind_pair_sheets/P0076.png,,,,,left better|right better|tie|unclear,local_detail_better|component_structure_better,右图局部更完整；左图有 missing stroke / wrong connection
P0077,D:/htt/callirag/outputs/layer2/blind_pair_sheets/P0077.png,,,,,left better|right better|tie|unclear,local_detail_better|component_structure_better,右图局部更完整；左图有 missing stroke / wrong connection
P0078,D:/htt/callirag/outputs/layer2/blind_pair_sheets/P0078.png,,,,,left better|right better|tie|unclear,local_detail_better|component_structure_better,右图局部更完整；左图有 missing stroke / wrong connection
P0079,D:/htt/callirag/outputs/layer2/blind_pair_sheets/P0079.png,,,,,left better|right better|tie|unclear,local_detail_better|component_structure_better,右图局部更完整；左图有 missing stroke / wrong connection
P0080,D:/htt/callirag/outputs/layer2/blind_pair_sheets/P0080.png,,,,,left better|right better|tie|unclear,local_detail_better|component_structure_better,右图局部更完整；左图有 missing stroke / wrong connection
P0081,D:/htt/callirag/outputs/layer2/blind_pair_sheets/P0081.png,,,,,left better|right better|tie|unclear,local_detail_better|component_structure_better,右图局部更完整；左图有 missing stroke / wrong connection
P0082,D:/htt/callirag/outputs/layer2/blind_pair_sheets/P0082.png,,,,,left better|right better|tie|unclear,local_detail_better|component_structure_better,右图局部更完整；左图有 missing stroke / wrong connection
P0083,D:/htt/callirag/outputs/layer2/blind_pair_sheets/P0083.png,,,,,left better|right better|tie|unclear,local_detail_better|component_structure_better,右图局部更完整；左图有 missing stroke / wrong connection
P0084,D:/htt/callirag/outputs/layer2/blind_pair_sheets/P0084.png,,,,,left better|right better|tie|unclear,local_detail_better|component_structure_better,右图局部更完整；左图有 missing stroke / wrong connection
P0085,D:/htt/callirag/outputs/layer2/blind_pair_sheets/P0085.png,,,,,left better|right better|tie|unclear,local_detail_better|component_structure_better,右图局部更完整；左图有 missing stroke / wrong connection
P0086,D:/htt/callirag/outputs/layer2/blind_pair_sheets/P0086.png,,,,,left better|right better|tie|unclear,local_detail_better|component_structure_better,右图局部更完整；左图有 missing stroke / wrong connection
P0087,D:/htt/callirag/outputs/layer2/blind_pair_sheets/P0087.png,,,,,left better|right better|tie|unclear,local_detail_better|component_structure_better,右图局部更完整；左图有 missing stroke / wrong connection
P0088,D:/htt/callirag/outputs/layer2/blind_pair_sheets/P0088.png,,,,,left better|right better|tie|unclear,local_detail_better|component_structure_better,右图局部更完整；左图有 missing stroke / wrong connection
P0089,D:/htt/callirag/outputs/layer2/blind_pair_sheets/P0089.png,,,,,left better|right better|tie|unclear,local_detail_better|component_structure_better,右图局部更完整；左图有 missing stroke / wrong connection
P0090,D:/htt/callirag/outputs/layer2/blind_pair_sheets/P0090.png,,,,,left better|right better|tie|unclear,local_detail_better|component_structure_better,右图局部更完整；左图有 missing stroke / wrong connection
P0091,D:/htt/callirag/outputs/layer2/blind_pair_sheets/P0091.png,,,,,left better|right better|tie|unclear,local_detail_better|component_structure_better,右图局部更完整；左图有 missing stroke / wrong connection
P0092,D:/htt/callirag/outputs/layer2/blind_pair_sheets/P0092.png,,,,,left better|right better|tie|unclear,local_detail_better|component_structure_better,右图局部更完整；左图有 missing stroke / wrong connection
P0093,D:/htt/callirag/outputs/layer2/blind_pair_sheets/P0093.png,,,,,left better|right better|tie|unclear,local_detail_better|component_structure_better,右图局部更完整；左图有 missing stroke / wrong connection
P0094,D:/htt/callirag/outputs/layer2/blind_pair_sheets/P0094.png,,,,,left better|right better|tie|unclear,local_detail_better|component_structure_better,右图局部更完整；左图有 missing stroke / wrong connection
P0095,D:/htt/callirag/outputs/layer2/blind_pair_sheets/P0095.png,,,,,left better|right better|tie|unclear,local_detail_better|component_structure_better,右图局部更完整；左图有 missing stroke / wrong connection
P0096,D:/htt/callirag/outputs/layer2/blind_pair_sheets/P0096.png,,,,,left better|right better|tie|unclear,local_detail_better|component_structure_better,右图局部更完整；左图有 missing stroke / wrong connection
P0097,D:/htt/callirag/outputs/layer2/blind_pair_sheets/P0097.png,,,,,left better|right better|tie|unclear,local_detail_better|component_structure_better,右图局部更完整；左图有 missing stroke / wrong connection
P0098,D:/htt/callirag/outputs/layer2/blind_pair_sheets/P0098.png,,,,,left better|right better|tie|unclear,local_detail_better|component_structure_better,右图局部更完整；左图有 missing stroke / wrong connection
P0099,D:/htt/callirag/outputs/layer2/blind_pair_sheets/P0099.png,,,,,left better|right better|tie|unclear,local_detail_better|component_structure_better,右图局部更完整；左图有 missing stroke / wrong connection
P0100,D:/htt/callirag/outputs/layer2/blind_pair_sheets/P0100.png,,,,,left better|right better|tie|unclear,local_detail_better|component_structure_better,右图局部更完整；左图有 missing stroke / wrong connection
P0101,D:/htt/callirag/outputs/layer2/blind_pair_sheets/P0101.png,,,,,left better|right better|tie|unclear,local_detail_better|component_structure_better,右图局部更完整；左图有 missing stroke / wrong connection
P0102,D:/htt/callirag/outputs/layer2/blind_pair_sheets/P0102.png,,,,,left better|right better|tie|unclear,local_detail_better|component_structure_better,右图局部更完整；左图有 missing stroke / wrong connection
P0103,D:/htt/callirag/outputs/layer2/blind_pair_sheets/P0103.png,,,,,left better|right better|tie|unclear,local_detail_better|component_structure_better,右图局部更完整；左图有 missing stroke / wrong connection
P0104,D:/htt/callirag/outputs/layer2/blind_pair_sheets/P0104.png,,,,,left better|right better|tie|unclear,local_detail_better|component_structure_better,右图局部更完整；左图有 missing stroke / wrong connection
P0105,D:/htt/callirag/outputs/layer2/blind_pair_sheets/P0105.png,,,,,left better|right better|tie|unclear,local_detail_better|component_structure_better,右图局部更完整；左图有 missing stroke / wrong connection
P0106,D:/htt/callirag/outputs/layer2/blind_pair_sheets/P0106.png,,,,,left better|right better|tie|unclear,local_detail_better|component_structure_better,右图局部更完整；左图有 missing stroke / wrong connection
P0107,D:/htt/callirag/outputs/layer2/blind_pair_sheets/P0107.png,,,,,left better|right better|tie|unclear,local_detail_better|component_structure_better,右图局部更完整；左图有 missing stroke / wrong connection
P0108,D:/htt/callirag/outputs/layer2/blind_pair_sheets/P0108.png,,,,,left better|right better|tie|unclear,local_detail_better|component_structure_better,右图局部更完整；左图有 missing stroke / wrong connection
P0109,D:/htt/callirag/outputs/layer2/blind_pair_sheets/P0109.png,,,,,left better|right better|tie|unclear,local_detail_better|component_structure_better,右图局部更完整；左图有 missing stroke / wrong connection
P0110,D:/htt/callirag/outputs/layer2/blind_pair_sheets/P0110.png,,,,,left better|right better|tie|unclear,local_detail_better|component_structure_better,右图局部更完整；左图有 missing stroke / wrong connection
P0111,D:/htt/callirag/outputs/layer2/blind_pair_sheets/P0111.png,,,,,left better|right better|tie|unclear,local_detail_better|component_structure_better,右图局部更完整；左图有 missing stroke / wrong connection
P0112,D:/htt/callirag/outputs/layer2/blind_pair_sheets/P0112.png,,,,,left better|right better|tie|unclear,local_detail_better|component_structure_better,右图局部更完整；左图有 missing stroke / wrong connection
P0113,D:/htt/callirag/outputs/layer2/blind_pair_sheets/P0113.png,,,,,left better|right better|tie|unclear,local_detail_better|component_structure_better,右图局部更完整；左图有 missing stroke / wrong connection
P0114,D:/htt/callirag/outputs/layer2/blind_pair_sheets/P0114.png,,,,,left better|right better|tie|unclear,local_detail_better|component_structure_better,右图局部更完整；左图有 missing stroke / wrong connection
P0115,D:/htt/callirag/outputs/layer2/blind_pair_sheets/P0115.png,,,,,left better|right better|tie|unclear,local_detail_better|component_structure_better,右图局部更完整；左图有 missing stroke / wrong connection
P0116,D:/htt/callirag/outputs/layer2/blind_pair_sheets/P0116.png,,,,,left better|right better|tie|unclear,local_detail_better|component_structure_better,右图局部更完整；左图有 missing stroke / wrong connection
P0117,D:/htt/callirag/outputs/layer2/blind_pair_sheets/P0117.png,,,,,left better|right better|tie|unclear,local_detail_better|component_structure_better,右图局部更完整；左图有 missing stroke / wrong connection
P0118,D:/htt/callirag/outputs/layer2/blind_pair_sheets/P0118.png,,,,,left better|right better|tie|unclear,local_detail_better|component_structure_better,右图局部更完整；左图有 missing stroke / wrong connection
P0119,D:/htt/callirag/outputs/layer2/blind_pair_sheets/P0119.png,,,,,left better|right better|tie|unclear,local_detail_better|component_structure_better,右图局部更完整；左图有 missing stroke / wrong connection
P0120,D:/htt/callirag/outputs/layer2/blind_pair_sheets/P0120.png,,,,,left better|right better|tie|unclear,local_detail_better|component_structure_better,右图局部更完整；左图有 missing stroke / wrong connection
